Pct_treino,Algoritmo,Accuracy,F-score,Precision,Recall
0.1,Nearest Neighbors,0.9603544776119403,0.9603595141312449,0.9608585547160304,0.9603544776119403
0.1,RBF SVM,0.9612873134328358,0.9612288893827122,0.9630456167207307,0.9612873134328358
0.1,Decision Tree,0.9137126865671642,0.9151766923421624,0.9198931066621576,0.9137126865671642
0.1,Random Forest,0.9463619402985075,0.9460149181647942,0.9484951058152181,0.9463619402985075
0.1,Naive Bayes,0.7985074626865671,0.7886285355274119,0.8176602965625865,0.7985074626865671
0.1,Neural Net,0.9458955223880597,0.9459464457442979,0.9477824055265794,0.9458955223880597
0.1,Nearest Neighbors,0.9654850746268657,0.9655455733488411,0.9657244580722374,0.9654850746268657
0.1,RBF SVM,0.9664179104477612,0.9664234551397252,0.9674387622571529,0.9664179104477612
0.1,Decision Tree,0.9015858208955224,0.9036285788027716,0.9125342995462907,0.9015858208955224
0.1,Random Forest,0.9193097014925373,0.9184967522301489,0.9191852866348457,0.9193097014925373
0.1,Naive Bayes,0.8031716417910447,0.7940311231273209,0.8209189618267233,0.8031716417910447
0.1,Neural Net,0.9230410447761194,0.9235699635152625,0.9295422968780777,0.9230410447761194
0.1,Nearest Neighbors,0.9552238805970149,0.955117042245351,0.9563094727914917,0.9552238805970149
0.1,RBF SVM,0.9566231343283582,0.956470823642673,0.9590149850801662,0.9566231343283582
0.1,Decision Tree,0.9006529850746269,0.9001127003011746,0.9036386821923859,0.9006529850746269
0.1,Random Forest,0.9039179104477612,0.8994247603382075,0.9091417918100198,0.9039179104477612
0.1,Naive Bayes,0.7840485074626866,0.7687382252780074,0.8074464196059935,0.7840485074626866
0.1,Neural Net,0.9309701492537313,0.9309947253055539,0.933493544621908,0.9309701492537313
0.1,Nearest Neighbors,0.957089552238806,0.9570941960336666,0.9574003582152028,0.957089552238806
0.1,RBF SVM,0.9626865671641791,0.9626479589544082,0.9637405453247229,0.9626865671641791
0.1,Decision Tree,0.9132462686567164,0.9146891909899802,0.9194202781045796,0.9132462686567164
0.1,Random Forest,0.8857276119402985,0.875024689371934,0.8887299743220949,0.8857276119402985
0.1,Naive Bayes,0.7924440298507462,0.7815315439722442,0.8183702648152559,0.7924440298507462
0.1,Neural Net,0.9430970149253731,0.9431744957259381,0.9453014759128108,0.9430970149253731
0.1,Nearest Neighbors,0.9556902985074627,0.9557128946897007,0.956989119246495,0.9556902985074627
0.1,RBF SVM,0.9561567164179104,0.9559887835071675,0.9603194346747045,0.9561567164179104
0.1,Decision Tree,0.8969216417910447,0.8960565044980204,0.8997035452209512,0.8969216417910447
0.1,Random Forest,0.9188432835820896,0.9172590806667248,0.9222914915809051,0.9188432835820896
0.1,Naive Bayes,0.7975746268656716,0.7882877259411462,0.827780516963461,0.7975746268656716
0.1,Neural Net,0.9249067164179104,0.9251233888346542,0.9291302478538115,0.9249067164179104
0.1,Nearest Neighbors,0.9626865671641791,0.9627697592852791,0.9633678661961861,0.9626865671641791
0.1,RBF SVM,0.9673507462686567,0.96738528964401,0.9690191502017343,0.9673507462686567
0.1,Decision Tree,0.9085820895522388,0.9077503883527838,0.9110025234936009,0.9085820895522388
0.1,Random Forest,0.917910447761194,0.9138107350475463,0.9225667806264507,0.917910447761194
0.1,Naive Bayes,0.7994402985074627,0.7869687626252877,0.82507372310031,0.7994402985074627
0.1,Neural Net,0.9029850746268657,0.8978366686892727,0.9068725262331038,0.9029850746268657
0.1,Nearest Neighbors,0.9603544776119403,0.9603777377042264,0.9605202575157464,0.9603544776119403
0.1,RBF SVM,0.9659514925373134,0.96596520606512,0.9675756735169381,0.9659514925373134
0.1,Decision Tree,0.914179104477612,0.9138459574644612,0.9165890510628284,0.914179104477612
0.1,Random Forest,0.9291044776119403,0.9276272922612372,0.9321888767020259,0.9291044776119403
0.1,Naive Bayes,0.7924440298507462,0.7804771703552432,0.8176352731628149,0.7924440298507462
0.1,Neural Net,0.9225746268656716,0.9231864101438813,0.928112126922009,0.9225746268656716
0.1,Nearest Neighbors,0.9584888059701493,0.9584958110010422,0.9589252529096093,0.9584888059701493
0.1,RBF SVM,0.9594216417910447,0.9593344448545792,0.9612403988842174,0.9594216417910447
0.1,Decision Tree,0.9034514925373134,0.9025673804198542,0.9061509399951198,0.9034514925373134
0.1,Random Forest,0.9426305970149254,0.9409816968943671,0.947937173423804,0.9426305970149254
0.1,Naive Bayes,0.7877798507462687,0.7750036560898769,0.8137723434753567,0.7877798507462687
0.1,Neural Net,0.9160447761194029,0.9114881225882128,0.9255287826237346,0.9160447761194029
0.1,Nearest Neighbors,0.9617537313432836,0.9618528764500942,0.9623818092989322,0.9617537313432836
0.1,RBF SVM,0.9622201492537313,0.9623415381272626,0.9641917848767726,0.9622201492537313
0.1,Decision Tree,0.9165111940298507,0.9165092736644768,0.9191361979208865,0.9165111940298507
0.1,Random Forest,0.917910447761194,0.9157132183097376,0.9244879054547078,0.917910447761194
0.1,Naive Bayes,0.7919776119402985,0.781531058821897,0.8191117793648046,0.7919776119402985
0.1,Neural Net,0.9183768656716418,0.9149801054592155,0.9244206144770942,0.9183768656716418
0.1,Nearest Neighbors,0.9626865671641791,0.9627350977725602,0.9636897426391233,0.9626865671641791
0.1,RBF SVM,0.9612873134328358,0.9613526380105049,0.9631959600110988,0.9612873134328358
0.1,Decision Tree,0.9057835820895522,0.9055841379957964,0.9094877308774533,0.9057835820895522
0.1,Random Forest,0.9188432835820896,0.9153835016572188,0.922022906899762,0.9188432835820896
0.1,Naive Bayes,0.7854477611940298,0.7734542567480404,0.8122628009241165,0.7854477611940298
0.1,Neural Net,0.9104477611940298,0.9062478708046104,0.9150636895727223,0.9104477611940298
0.2,Nearest Neighbors,0.9577793328668066,0.9578709044963791,0.9582680176104182,0.9577793328668066
0.2,RBF SVM,0.9610450198273851,0.9611241113100218,0.9627915690764045,0.9610450198273851
0.2,Decision Tree,0.9115931887100537,0.9114487582603427,0.914625736109808,0.9115931887100537
0.2,Random Forest,0.9185910893398647,0.915254295598683,0.9211705829997168,0.9185910893398647
0.2,Naive Bayes,0.8017261488220201,0.7907760871555758,0.8231162354343665,0.8017261488220201
0.2,Neural Net,0.9435502682528575,0.9436868490487827,0.9460775760853266,0.9435502682528575
0.2,Nearest Neighbors,0.9612782831817122,0.9612852777554886,0.9618247515117611,0.9612782831817122
0.2,RBF SVM,0.9638441800793095,0.9637887439716618,0.9658951093190632,0.9638441800793095
0.2,Decision Tree,0.9244226731980406,0.9250834970323785,0.9291576713208838,0.9244226731980406
0.2,Random Forest,0.9400513179379519,0.9400615314757041,0.9416256804618395,0.9400513179379519
0.2,Naive Bayes,0.7963610916724982,0.7850829698301357,0.8216790511475603,0.7963610916724982
0.2,Neural Net,0.9020293911826452,0.8982951067710983,0.9030180147975234,0.9020293911826452
0.2,Nearest Neighbors,0.9568462794494985,0.9568183713727397,0.9572841877238091,0.9568462794494985
0.2,RBF SVM,0.9591789129927688,0.9591209287712875,0.9611187549401712,0.9591789129927688
0.2,Decision Tree,0.9041287613715885,0.903468245925054,0.9070649772977384,0.9041287613715885
0.2,Random Forest,0.9059948682062048,0.9023086870483773,0.91000347538216,0.9059948682062048
0.2,Naive Bayes,0.7870305574994169,0.773772105019296,0.8130161238060473,0.7870305574994169
0.2,Neural Net,0.9276883601586191,0.9277824145113391,0.9303934022786634,0.9276883601586191
0.2,Nearest Neighbors,0.960111966410077,0.9601742772703904,0.9606473189245609,0.960111966410077
0.2,RBF SVM,0.9626778633076744,0.9626894130479637,0.9644575208121399,0.9626778633076744
0.2,Decision Tree,0.9101936085840915,0.9117059769633322,0.9177954447004718,0.9101936085840915
0.2,Random Forest,0.920457196174481,0.9186671898848479,0.9214059352636632,0.920457196174481
0.2,Naive Bayes,0.7956613016095171,0.7865910982434005,0.8219935274534381,0.7956613016095171
0.2,Neural Net,0.9262887800326569,0.9268051127690764,0.9314565865848475,0.9262887800326569
0.2,Nearest Neighbors,0.9626778633076744,0.9627602886613493,0.9636304316131213,0.9626778633076744
0.2,RBF SVM,0.9612782831817122,0.9612724003816162,0.9637384616050536,0.9612782831817122
0.2,Decision Tree,0.9127595054816888,0.9125690293754306,0.9154397323303459,0.9127595054816888
0.2,Random Forest,0.940284581292279,0.9395768187564368,0.9447240489093915,0.940284581292279
0.2,Naive Bayes,0.7951947749008631,0.7843765428914358,0.8179502098176503,0.7951947749008631
0.2,Neural Net,0.9020293911826452,0.8983045911732104,0.9056103439942428,0.9020293911826452
0.2,Nearest Neighbors,0.9591789129927688,0.9593107792050078,0.960102908686048,0.9591789129927688
0.2,RBF SVM,0.960578493118731,0.9606770186656166,0.9631749836541524,0.960578493118731
0.2,Decision Tree,0.906927921623513,0.9064460207482838,0.9098738698447258,0.906927921623513
0.2,Random Forest,0.8919990669465827,0.887068732354594,0.9013735686271964,0.8919990669465827
0.2,Naive Bayes,0.7849311873104735,0.7719308254822357,0.8133936216961858,0.7849311873104735
0.2,Neural Net,0.8987637042220668,0.8942989567430035,0.9029825143129986,0.8987637042220668
0.2,Nearest Neighbors,0.9561464893865174,0.9563022198826455,0.9567475305935913,0.9561464893865174
0.2,RBF SVM,0.9575460695124796,0.9576354935044662,0.9593576334500981,0.9575460695124796
0.2,Decision Tree,0.9052950781432237,0.9050843805006443,0.9086941471325319,0.9052950781432237
0.2,Random Forest,0.9363191042687193,0.9345158580631612,0.9405275227910505,0.9363191042687193
0.2,Naive Bayes,0.787963610916725,0.7764861336052683,0.8144946295258373,0.787963610916725
0.2,Neural Net,0.9281548868672731,0.9285786775980996,0.9324854476543294,0.9281548868672731
0.2,Nearest Neighbors,0.9603452297644041,0.9603893799570119,0.9611594094493442,0.9603452297644041
0.2,RBF SVM,0.9617448098903663,0.9618149790837438,0.9640915553654381,0.9617448098903663
0.2,Decision Tree,0.9104268719384184,0.9103362086087377,0.9136728010711702,0.9104268719384184
0.2,Random Forest,0.906927921623513,0.9024153600614789,0.9080589232205245,0.906927921623513
0.2,Naive Bayes,0.6748308840681129,0.6076057032268987,0.784912057086159,0.6748308840681129
0.2,Neural Net,0.9108933986470725,0.9059183214070224,0.9192020581721196,0.9108933986470725
0.2,Nearest Neighbors,0.9594121763470959,0.9594219767002834,0.9600168649788808,0.9594121763470959
0.2,RBF SVM,0.9638441800793095,0.9637988725051528,0.9658859708272091,0.9638441800793095
0.2,Decision Tree,0.9106601352927455,0.9118341180670498,0.9167201578820207,0.9106601352927455
0.2,Random Forest,0.9232563564264055,0.9209722273857683,0.9265640134509965,0.9232563564264055
0.2,Naive Bayes,0.7956613016095171,0.7836597291643855,0.8200235251397752,0.7956613016095171
0.2,Neural Net,0.9129927688360159,0.9081574116677105,0.9214263460392798,0.9129927688360159
0.2,Nearest Neighbors,0.9610450198273851,0.9610823044126074,0.9618405735197346,0.9610450198273851
0.2,RBF SVM,0.9636109167249826,0.9635252090390098,0.965813491019712,0.9636109167249826
0.2,Decision Tree,0.9113599253557266,0.9109812268605462,0.9142045658051211,0.9113599253557266
0.2,Random Forest,0.9174247725682295,0.9138488477379049,0.9227059470570832,0.9174247725682295
0.2,Naive Bayes,0.7961278283181712,0.7843292177859396,0.822037412390572,0.7961278283181712
0.2,Neural Net,0.940517844646606,0.9407756273819209,0.9427834468966854,0.940517844646606
0.30000000000000004,Nearest Neighbors,0.9625252682320012,0.9625647986005648,0.962854721203741,0.9625252682320012
0.30000000000000004,RBF SVM,0.9643912299797854,0.9643822791145834,0.9659571308961814,0.9643912299797854
0.30000000000000004,Decision Tree,0.923495568340849,0.9243711417590079,0.9289997535046278,0.923495568340849
0.30000000000000004,Random Forest,0.9099673456694137,0.90659735549622,0.9141984882466417,0.9099673456694137
0.30000000000000004,Naive Bayes,0.7950552013683719,0.7851617745834119,0.8184057450911709,0.7950552013683719
0.30000000000000004,Neural Net,0.9018815114290157,0.8976020451115235,0.9044892754736195,0.9018815114290157
0.30000000000000004,Nearest Neighbors,0.9559944021147566,0.9560690745714331,0.9563455515341891,0.9559944021147566
0.30000000000000004,RBF SVM,0.959259835173379,0.9592764374388183,0.9604175806350472,0.959259835173379
0.30000000000000004,Decision Tree,0.9104338361063599,0.9103873914633759,0.9133535886112235,0.9104338361063599
0.30000000000000004,Random Forest,0.9197636448452807,0.9158920059445466,0.9263036396111376,0.9197636448452807
0.30000000000000004,Naive Bayes,0.7928782459959571,0.7824296000829187,0.8172767684016456,0.7928782459959571
0.30000000000000004,Neural Net,0.8563209454206189,0.8611258757680205,0.8936889925613593,0.8563209454206189
0.30000000000000004,Nearest Neighbors,0.959259835173379,0.9592557132853659,0.9602064362010385,0.959259835173379
0.30000000000000004,RBF SVM,0.959726325610325,0.9597435625811882,0.9615066989139067,0.959726325610325
0.30000000000000004,Decision Tree,0.9079458871093142,0.9074109815388884,0.9109528787329071,0.9079458871093142
0.30000000000000004,Random Forest,0.924428549214741,0.9217464257371893,0.9282668903138511,0.924428549214741
0.30000000000000004,Naive Bayes,0.7858808894417665,0.7725607005975377,0.8146751254347704,0.7858808894417665
0.30000000000000004,Neural Net,0.9110558233556212,0.9057294728370421,0.9210413543914188,0.9110558233556212
0.30000000000000004,Nearest Neighbors,0.9594153319856943,0.9594695269924404,0.9603977376266949,0.9594153319856943
0.30000000000000004,RBF SVM,0.9609703001088478,0.9610137518568331,0.963019516943259,0.9609703001088478
0.30000000000000004,Decision Tree,0.9084123775462603,0.9097183528908385,0.9152766247051877,0.9084123775462603
0.30000000000000004,Random Forest,0.9154097341004509,0.9120223561096932,0.9187259233101265,0.9154097341004509
0.30000000000000004,Naive Bayes,0.791945265122065,0.7802728738455489,0.8204849331121761,0.791945265122065
0.30000000000000004,Neural Net,0.8978385943088166,0.8891734836436094,0.9083634185350953,0.8978385943088166
0.30000000000000004,Nearest Neighbors,0.9594153319856943,0.9595158942309142,0.9601189059447944,0.9594153319856943
0.30000000000000004,RBF SVM,0.9614367905457938,0.9614902730021074,0.9636262278964774,0.9614367905457938
0.30000000000000004,Decision Tree,0.9073238998600529,0.906989466287816,0.9109863933890366,0.9073238998600529
0.30000000000000004,Random Forest,0.9309594153319857,0.928774127576907,0.9339292167072959,0.9309594153319857
0.30000000000000004,Naive Bayes,0.7910122842481729,0.7795809256356042,0.8194281222306177,0.7910122842481729
0.30000000000000004,Neural Net,0.8656507541595397,0.8695560281623926,0.8968941817657211,0.8656507541595397
0.30000000000000004,Nearest Neighbors,0.9636137459182087,0.9636660431947776,0.9641213338646522,0.9636137459182087
0.30000000000000004,RBF SVM,0.9617477841704245,0.9617249221562393,0.9632195826722519,0.9617477841704245
0.30000000000000004,Decision Tree,0.9049914476753227,0.9066261930047774,0.9129876301571144,0.9049914476753227
0.30000000000000004,Random Forest,0.9219406002176955,0.920339570142317,0.9232253295429779,0.9219406002176955
0.30000000000000004,Naive Bayes,0.7972321567407868,0.7856433487817386,0.8220467619026803,0.7972321567407868
0.30000000000000004,Neural Net,0.9177421862851811,0.9136018992749417,0.925485774160438,0.9177421862851811
0.30000000000000004,Nearest Neighbors,0.9577048670502255,0.9577898546471033,0.958832537322264,0.9577048670502255
0.30000000000000004,RBF SVM,0.9623697714196859,0.9623816437910037,0.9644830820138198,0.9623697714196859
0.30000000000000004,Decision Tree,0.9124552946664594,0.9121136960295964,0.9156099022543193,0.9124552946664594
0.30000000000000004,Random Forest,0.9099673456694137,0.9066308293363091,0.916079819372965,0.9099673456694137
0.30000000000000004,Naive Bayes,0.7936557300575339,0.7817617817270297,0.8231864583087274,0.7936557300575339
0.30000000000000004,Neural Net,0.9093453584201524,0.9044942574290696,0.9177784798612036,0.9093453584201524
0.30000000000000004,Nearest Neighbors,0.9577048670502255,0.957669028139509,0.9586518154775531,0.9577048670502255
0.30000000000000004,RBF SVM,0.9603483128595863,0.9602836143163974,0.9622869549169915,0.9603483128595863
0.30000000000000004,Decision Tree,0.9096563520447831,0.90938091407727,0.9125630232120154,0.9096563520447831
0.30000000000000004,Random Forest,0.9177421862851811,0.915705726982118,0.9188332169847506,0.9177421862851811
0.30000000000000004,Naive Bayes,0.7877468511895506,0.7755134965099097,0.8134033793697854,0.7877468511895506
0.30000000000000004,Neural Net,0.9297154408334629,0.9301758320419279,0.9327330890297746,0.9297154408334629
0.30000000000000004,Nearest Neighbors,0.9603483128595863,0.9603688805560608,0.9610678850870216,0.9603483128595863
0.30000000000000004,RBF SVM,0.9612812937334785,0.9612586148961466,0.9631463756033828,0.9612812937334785
0.30000000000000004,Decision Tree,0.9098118488570984,0.9094795992093119,0.9128290612368217,0.9098118488570984
0.30000000000000004,Random Forest,0.9281604727103094,0.9269988125917491,0.931383570596882,0.9281604727103094
0.30000000000000004,Naive Bayes,0.7889908256880734,0.7777286485014926,0.8166415612039377,0.7889908256880734
0.30000000000000004,Neural Net,0.9132327787280361,0.9082830000191868,0.9224653290512054,0.9132327787280361
0.30000000000000004,Nearest Neighbors,0.9577048670502255,0.9577250403915177,0.9581401074287976,0.9577048670502255
0.30000000000000004,RBF SVM,0.9605038096719017,0.9604113990803397,0.9624854022588593,0.9605038096719017
0.30000000000000004,Decision Tree,0.9104338361063599,0.9100254000141667,0.9132593682062286,0.9104338361063599
0.30000000000000004,Random Forest,0.9161872181620276,0.9134626843542589,0.9269656718574324,0.9161872181620276
0.30000000000000004,Naive Bayes,0.7986316280516249,0.7882838350068546,0.8236356223737121,0.7986316280516249
0.30000000000000004,Neural Net,0.9098118488570984,0.9055808857829437,0.9161510882074724,0.9098118488570984
0.4,Nearest Neighbors,0.9577793328668066,0.957809200774403,0.9580833633562615,0.9577793328668066
0.4,RBF SVM,0.9609283881502216,0.9609447196958215,0.9628173783674624,0.9609283881502216
0.4,Decision Tree,0.92407277816655,0.9248225637476972,0.9288106518068282,0.92407277816655
0.4,Random Forest,0.9416841614182412,0.9406860971550323,0.9474701323886943,0.9416841614182412
0.4,Naive Bayes,0.7953114065780266,0.7849932447216397,0.819401058422437,0.7953114065780266
0.4,Neural Net,0.9135759272218335,0.9088004684975878,0.9226471872974402,0.9135759272218335
0.4,Nearest Neighbors,0.9602285980872405,0.9603331891728876,0.9610140772081939,0.9602285980872405
0.4,RBF SVM,0.9580125962211337,0.9580899019990757,0.9598313444369229,0.9580125962211337
0.4,Decision Tree,0.9115931887100537,0.9113161128875725,0.9144851390016363,0.9115931887100537
0.4,Random Forest,0.8791695824585958,0.864347546616091,0.8956857589660452,0.8791695824585958
0.4,Naive Bayes,0.7988103568929321,0.7875596819709882,0.8236989301985416,0.7988103568929321
0.4,Neural Net,0.9399346862607885,0.9402973279584402,0.942436636862098,0.9399346862607885
0.4,Nearest Neighbors,0.9577793328668066,0.9579066652314899,0.9583125291802926,0.9577793328668066
0.4,RBF SVM,0.9620947049218568,0.9621690252619145,0.9634375784535153,0.9620947049218568
0.4,Decision Tree,0.9163750874737578,0.9161191133685065,0.91911827791967,0.9163750874737578
0.4,Random Forest,0.9029624445999533,0.8983135510673514,0.9078738522589012,0.9029624445999533
0.4,Naive Bayes,0.7951947749008631,0.7846316585331472,0.8212888386815121,0.7951947749008631
0.4,Neural Net,0.9367856309773734,0.9370023252541306,0.9396403638904189,0.9367856309773734
0.4,Nearest Neighbors,0.9616281782132027,0.9616445155074637,0.9623881879663722,0.9616281782132027
0.4,RBF SVM,0.9587123862841148,0.9587225333458776,0.9606508606454166,0.9587123862841148
0.4,Decision Tree,0.9111266620013996,0.9123728243684371,0.9171477967726734,0.9111266620013996
0.4,Random Forest,0.8845346396081175,0.8730509365774548,0.8992185256274147,0.8845346396081175
0.4,Naive Bayes,0.7909960345229764,0.7794311878824728,0.8175555001894321,0.7909960345229764
0.4,Neural Net,0.9426172148355494,0.9425044216694228,0.9449895356625078,0.9426172148355494
0.4,Nearest Neighbors,0.9574294378353161,0.9574681555362479,0.958370234537143,0.9574294378353161
0.4,RBF SVM,0.9590622813156053,0.9590025641618759,0.9616665688327041,0.9590622813156053
0.4,Decision Tree,0.9063447632376953,0.9061482680860121,0.9101935226781508,0.9063447632376953
0.4,Random Forest,0.910310240261255,0.9073094708260818,0.9121682517019694,0.910310240261255
0.4,Naive Bayes,0.7915791929087941,0.7808827968365607,0.819247523930162,0.7915791929087941
0.4,Neural Net,0.9388850011663168,0.9390364419711125,0.9417601795225896,0.9388850011663168
0.4,Nearest Neighbors,0.9612782831817122,0.9613325054364649,0.9619748522039677,0.9612782831817122
0.4,RBF SVM,0.9603452297644041,0.9602904296049738,0.9624349322110158,0.9603452297644041
0.4,Decision Tree,0.9082108700723116,0.9099201190453796,0.9162867748480359,0.9082108700723116
0.4,Random Forest,0.9157919290879403,0.9152274424462604,0.9170062040079833,0.9157919290879403
0.4,Naive Bayes,0.797877303475624,0.7875823089851541,0.8222823066780068,0.797877303475624
0.4,Neural Net,0.916841614182412,0.9122411366443184,0.924598644079438,0.916841614182412
0.4,Nearest Neighbors,0.95987870305575,0.9599076636135977,0.9605026662068669,0.95987870305575
0.4,RBF SVM,0.9619780732446933,0.962005677126375,0.9638521744709709,0.9619780732446933
0.4,Decision Tree,0.9099603452297644,0.9096916423328634,0.9127922018183356,0.9099603452297644
0.4,Random Forest,0.9274550968042921,0.9259053312926414,0.9290722373225204,0.9274550968042921
0.4,Naive Bayes,0.791812456263121,0.780104030119019,0.8181479087563508,0.791812456263121
0.4,Neural Net,0.9412176347095871,0.9412831400543692,0.9440062100564841,0.9412176347095871
0.4,Nearest Neighbors,0.9611616515045487,0.9612390874667152,0.961923550742869,0.9611616515045487
0.4,RBF SVM,0.960578493118731,0.9606197919007594,0.9627267831943924,0.960578493118731
0.4,Decision Tree,0.9061114998833684,0.906046524832298,0.9098896459151088,0.9061114998833684
0.4,Random Forest,0.8888500116631677,0.8781275169948956,0.8945850373160719,0.8888500116631677
0.4,Naive Bayes,0.7946116165150455,0.78388428444694,0.8196515675257738,0.7946116165150455
0.4,Neural Net,0.9135759272218335,0.9086835768613807,0.9222339463308086,0.9135759272218335
0.4,Nearest Neighbors,0.9581292278982971,0.9582606901549355,0.9590304629923654,0.9581292278982971
0.4,RBF SVM,0.9615115465360392,0.9616187809423279,0.9639832883884533,0.9615115465360392
0.4,Decision Tree,0.910310240261255,0.9117528210738619,0.9175303930817688,0.910310240261255
0.4,Random Forest,0.9087940284581292,0.9051538055783923,0.9126942340952667,0.9087940284581292
0.4,Naive Bayes,0.7964777233496617,0.7858145140012672,0.8232938819585935,0.7964777233496617
0.4,Neural Net,0.9275717284814555,0.9279028188621419,0.932317840280159,0.9275717284814555
0.4,Nearest Neighbors,0.95987870305575,0.9599112179407308,0.9605316202173604,0.95987870305575
0.4,RBF SVM,0.9633776533706555,0.9633740400976574,0.9654768817222794,0.9633776533706555
0.4,Decision Tree,0.9110100303242361,0.9106369950443457,0.9141099368953124,0.9110100303242361
0.4,Random Forest,0.8829017961278283,0.8714034539320108,0.889109008400893,0.8829017961278283
0.4,Naive Bayes,0.7905295078143224,0.778570467703143,0.8188183641065837,0.7905295078143224
0.4,Neural Net,0.9413342663867507,0.9413016456259082,0.9438304606594591,0.9413342663867507
0.5,Nearest Neighbors,0.9598805747340922,0.9598995819312152,0.9607585359672003,0.9598805747340922
0.5,RBF SVM,0.9593207688001493,0.9593017882528211,0.9608883277687449,0.9593207688001493
0.5,Decision Tree,0.910244448591155,0.9100663656700447,0.9132049130016101,0.910244448591155
0.5,Random Forest,0.9402873670460907,0.9402716023633002,0.9428026481434116,0.9402873670460907
0.5,Naive Bayes,0.7939914163090128,0.7825529225350036,0.8180929297004371,0.7939914163090128
0.5,Neural Net,0.9364620264974809,0.936720055814997,0.9392746544913966,0.9364620264974809
0.5,Nearest Neighbors,0.960813584623997,0.9608174320217243,0.9612862514875766,0.960813584623997
0.5,RBF SVM,0.960813584623997,0.9608109844280006,0.9626270384784151,0.960813584623997
0.5,Decision Tree,0.9112707594700504,0.9110804927608601,0.9142184684034071,0.9112707594700504
0.5,Random Forest,0.9466318342974436,0.9460528720364411,0.9497916655649458,0.9466318342974436
0.5,Naive Bayes,0.790539279716365,0.7787813778249861,0.8163644243342475,0.790539279716365
0.5,Neural Net,0.9343161037506997,0.9345999745093292,0.9372342232636363,0.9343161037506997
0.5,Nearest Neighbors,0.9566150401194252,0.9567254709657048,0.9574172783324447,0.9566150401194252
0.5,RBF SVM,0.9597872737451016,0.9598212822444925,0.961788282630054,0.9597872737451016
0.5,Decision Tree,0.9087516327673073,0.9084659165276953,0.9124277421611626,0.9087516327673073
0.5,Random Forest,0.9122037693599552,0.9091002639943525,0.9140237069325733,0.9122037693599552
0.5,Naive Bayes,0.7938981153200224,0.7819031663363523,0.821565402191296,0.7938981153200224
0.5,Neural Net,0.902500466504945,0.8980844649545,0.9058005615461705,0.902500466504945
0.5,Nearest Neighbors,0.9564284381414443,0.9564113367898602,0.9568669998148319,0.9564284381414443
0.5,RBF SVM,0.9568949430863967,0.9568350642122182,0.9587701297779136,0.9568949430863967
0.5,Decision Tree,0.9095913416682216,0.9093494652979766,0.9127397333897946,0.9095913416682216
0.5,Random Forest,0.9295577533121852,0.9285301871622587,0.9310638388482456,0.9295577533121852
0.5,Naive Bayes,0.7944579212539653,0.7829046377913076,0.8202607378510369,0.7944579212539653
0.5,Neural Net,0.9119238663929837,0.906992929555495,0.9211861493033974,0.9119238663929837
0.5,Nearest Neighbors,0.960813584623997,0.9608792418681515,0.9615621612692948,0.960813584623997
0.5,RBF SVM,0.9626796044038067,0.9627088099529102,0.9644825607630045,0.9626796044038067
0.5,Decision Tree,0.9230266840828513,0.9238736753255998,0.9282800273391629,0.9230266840828513
0.5,Random Forest,0.9207874603470797,0.9196797596107575,0.921689530797683,0.9207874603470797
0.5,Naive Bayes,0.7952043291658891,0.7842485723107484,0.8209000427707659,0.7952043291658891
0.5,Neural Net,0.9404739690240717,0.9405419306005122,0.9430183323166076,0.9404739690240717
0.5,Nearest Neighbors,0.9593207688001493,0.95941909191385,0.9599264984826286,0.9593207688001493
0.5,RBF SVM,0.9612800895689494,0.9612891790506876,0.9626396003457506,0.9612800895689494
0.5,Decision Tree,0.9128568762828886,0.9125467838542117,0.9158198529762579,0.9128568762828886
0.5,Random Forest,0.9074454189214406,0.9012258039196168,0.9160788854129596,0.9074454189214406
0.5,Naive Bayes,0.678764694905766,0.609531658344921,0.7948417247051515,0.678764694905766
0.5,Neural Net,0.9165889158425079,0.9122103895899463,0.9256501832207088,0.9165889158425079
0.5,Nearest Neighbors,0.9609068856129875,0.9609747984393593,0.961945793651518,0.9609068856129875
0.5,RBF SVM,0.9605336816570256,0.9605515949646007,0.9624352836763304,0.9605336816570256
0.5,Decision Tree,0.9097779436462027,0.9113270523702286,0.9175589254490301,0.9097779436462027
0.5,Random Forest,0.9144429930957269,0.9111054170228805,0.917159247020578,0.9144429930957269
0.5,Naive Bayes,0.792871804441127,0.780752581366935,0.8182349819577831,0.792871804441127
0.5,Neural Net,0.9145362940847173,0.9097589018752454,0.9238254563146384,0.9145362940847173
0.5,Nearest Neighbors,0.9580145549542826,0.9580645679494525,0.9590689074239203,0.9580145549542826
0.5,RBF SVM,0.9587609628662064,0.9587626402044902,0.9610633273612121,0.9587609628662064
0.5,Decision Tree,0.9120171673819742,0.9116641259506278,0.9146915652816362,0.9120171673819742
0.5,Random Forest,0.9168688188094793,0.9144106605521813,0.9194838760216677,0.9168688188094793
0.5,Naive Bayes,0.790539279716365,0.7788931573624502,0.8166585607397696,0.790539279716365
0.5,Neural Net,0.9120171673819742,0.9067439094298708,0.9227703160053903,0.9120171673819742
0.5,Nearest Neighbors,0.9600671767120732,0.9600725311933915,0.9607907260596527,0.9600671767120732
0.5,RBF SVM,0.9590408658331778,0.9589733973670123,0.9608923699063465,0.9590408658331778
0.5,Decision Tree,0.9139764881507744,0.9152272516922044,0.9200433850566835,0.9139764881507744
0.5,Random Forest,0.9192013435342414,0.916658120672306,0.9218504509209728,0.9192013435342414
0.5,Naive Bayes,0.6805374136965852,0.6154490961751626,0.7948702945709764,0.6805374136965852
0.5,Neural Net,0.9445792125396529,0.9445893480389369,0.9471347072288768,0.9445792125396529
0.5,Nearest Neighbors,0.9607202836350065,0.9608176377720873,0.9613291039686562,0.9607202836350065
0.5,RBF SVM,0.9623997014368352,0.9624142876271645,0.9638126910413306,0.9623997014368352
0.5,Decision Tree,0.9105243515581265,0.9103298284780204,0.9137038121497529,0.9105243515581265
0.5,Random Forest,0.9039932823287927,0.8990721046906844,0.9094258876971151,0.9039932823287927
0.5,Naive Bayes,0.7914722896062698,0.7798997268330865,0.8164564604875598,0.7914722896062698
0.5,Neural Net,0.8991416309012875,0.891540239842766,0.9059883702959327,0.8991416309012875
0.6,Nearest Neighbors,0.9579348417696913,0.9580232018016973,0.9586364099021639,0.9579348417696913
0.6,RBF SVM,0.9581681051240184,0.958161553027129,0.9603549392156203,0.9581681051240184
0.6,Decision Tree,0.9096493274239951,0.9094604395243637,0.9129377116016554,0.9096493274239951
0.6,Random Forest,0.9287769224788119,0.9271645085853514,0.9322493830041056,0.9287769224788119
0.6,Naive Bayes,0.7891299276883602,0.7776756084764564,0.8164307307070966,0.7891299276883602
0.6,Neural Net,0.9392737734235285,0.9396055529244213,0.9411175850999423,0.9392737734235285
0.6,Nearest Neighbors,0.9603452297644041,0.9604317059582537,0.9613575033106146,0.9603452297644041
0.6,RBF SVM,0.9594121763470959,0.9593806649754505,0.9613512810015139,0.9594121763470959
0.6,Decision Tree,0.9107378897441879,0.9122040235895114,0.9179092629820025,0.9107378897441879
0.6,Random Forest,0.9155586657336132,0.9124299378831772,0.9185486578826085,0.9155586657336132
0.6,Naive Bayes,0.7937174403234585,0.7821147469745227,0.8188883962594744,0.7937174403234585
0.6,Neural Net,0.9428504781898763,0.9430162895072359,0.9454746581907711,0.9428504781898763
0.6,Nearest Neighbors,0.9565352616437292,0.9565943965493195,0.9573399614529425,0.9565352616437292
0.6,RBF SVM,0.9579348417696913,0.9578608985533816,0.9605023944535933,0.9579348417696913
0.6,Decision Tree,0.9107378897441879,0.9121006082700448,0.9174444284304331,0.9107378897441879
0.6,Random Forest,0.8937874193297566,0.8827879714302482,0.9033251503255777,0.8937874193297566
0.6,Naive Bayes,0.6786408521887878,0.6091533608796308,0.7830224040870128,0.6786408521887878
0.6,Neural Net,0.903351216857165,0.8991270561512973,0.90714086151575,0.903351216857165
0.6,Nearest Neighbors,0.955835471580748,0.9559006755637183,0.9566172128178498,0.955835471580748
0.6,RBF SVM,0.9585568773812301,0.9585045966345187,0.9600982348885646,0.9585568773812301
0.6,Decision Tree,0.9104268719384184,0.9102145978681083,0.9135875298237162,0.9104268719384184
0.6,Random Forest,0.9526475390716118,0.9527554607032335,0.9558595006966413,0.9526475390716118
0.6,Naive Bayes,0.7964388461239406,0.7852717056158981,0.8211777000206385,0.7964388461239406
0.6,Neural Net,0.9014851100225488,0.8935173494505205,0.9105576224549705,0.9014851100225488
0.6,Nearest Neighbors,0.9602674753129616,0.9603949069861517,0.9609570030647759,0.9602674753129616
0.6,RBF SVM,0.9609672653759428,0.9609801766628954,0.9623456815347687,0.9609672653759428
0.6,Decision Tree,0.9098048363268797,0.9096003898861507,0.9129907152597653,0.9098048363268797
0.6,Random Forest,0.9200684239172693,0.9188605058438849,0.922002469040703,0.9200684239172693
0.6,Naive Bayes,0.7980716896042298,0.7873291624379799,0.8224541820902915,0.7980716896042298
0.6,Neural Net,0.9065391493663012,0.902795678150885,0.9100654966280389,0.9065391493663012
0.6,Nearest Neighbors,0.9582458595754607,0.9582718309966213,0.9588438297250121,0.9582458595754607
0.6,RBF SVM,0.9577015784153643,0.9576255035564589,0.959915012939667,0.9577015784153643
0.6,Decision Tree,0.909882590778322,0.9111913062990832,0.9166312005417022,0.909882590778322
0.6,Random Forest,0.922245548557655,0.9199748391934472,0.9264817985931892,0.922245548557655
0.6,Naive Bayes,0.7957390560609595,0.7847254927940844,0.8222847984953509,0.7957390560609595
0.6,Neural Net,0.9120597154187077,0.90696216347881,0.9215345223769353,0.9120597154187077
0.6,Nearest Neighbors,0.9578570873182489,0.9579145656371566,0.9584687934993601,0.9578570873182489
0.6,RBF SVM,0.9573128061581525,0.9572837012184724,0.9590644439131999,0.9573128061581525
0.6,Decision Tree,0.9122929787730347,0.9119483520977858,0.9151374749326765,0.9122929787730347
0.6,Random Forest,0.918202317082653,0.9144100449964382,0.9209187275968933,0.918202317082653
0.6,Naive Bayes,0.7940284581292278,0.7823874177516084,0.820804560354148,0.7940284581292278
0.6,Neural Net,0.9285436591244849,0.928545597984861,0.9318397305064771,0.9285436591244849
0.6,Nearest Neighbors,0.958323614026903,0.9583602345021861,0.9589750242821389,0.958323614026903
0.6,RBF SVM,0.9575460695124796,0.9574974365231099,0.9594148299774977,0.9575460695124796
0.6,Decision Tree,0.9089495373610139,0.9104458894555727,0.9166985523192581,0.9089495373610139
0.6,Random Forest,0.9419951792240105,0.9418355591774726,0.9446258568715923,0.9419951792240105
0.6,Naive Bayes,0.7909182800715341,0.7791828642648394,0.8186829537033935,0.7909182800715341
0.6,Neural Net,0.922712075266309,0.9231626094882989,0.9276206554687886,0.922712075266309
0.6,Nearest Neighbors,0.9601897208615193,0.9602877303358873,0.9608993282568316,0.9601897208615193
0.6,RBF SVM,0.9584791229297878,0.9585044419844482,0.9601827868450957,0.9584791229297878
0.6,Decision Tree,0.9231008475235207,0.9239386969765105,0.9286068950951535,0.9231008475235207
0.6,Random Forest,0.9449498483788197,0.9448559181554058,0.9473482807846924,0.9449498483788197
0.6,Naive Bayes,0.6827618381152321,0.616273668429628,0.7975659750172382,0.6827618381152321
0.6,Neural Net,0.9417619158696835,0.9416903406412553,0.9441397712402133,0.9417619158696835
0.6,Nearest Neighbors,0.9592566674442112,0.9592570182755559,0.9599910246392418,0.9592566674442112
0.6,RBF SVM,0.9624445999533473,0.9624233031117948,0.9639951642549598,0.9624445999533473
0.6,Decision Tree,0.9259777622268874,0.926640084985741,0.930851360387081,0.9259777622268874
0.6,Random Forest,0.8647072544903196,0.8638326988926278,0.9007576764213342,0.8647072544903196
0.6,Naive Bayes,0.797216390638364,0.7859502266243527,0.8219306480558644,0.797216390638364
0.6,Neural Net,0.9060726226576471,0.9019127657401905,0.9085984478602548,0.9060726226576471
0.7,Nearest Neighbors,0.9565449213543055,0.9566632326314005,0.9581252890129736,0.9565449213543055
0.7,RBF SVM,0.9538123167155426,0.9537364809683447,0.9564080185569731,0.9538123167155426
0.7,Decision Tree,0.9091575579845375,0.9088892813054719,0.9123642561201617,0.9091575579845375
0.7,Random Forest,0.9306185017328712,0.9294168350342683,0.9334699938920991,0.9306185017328712
0.7,Naive Bayes,0.7934550786456945,0.7823334392029175,0.8209429844578424,0.7934550786456945
0.7,Neural Net,0.9397494001599573,0.9396718288775063,0.9426195973277905,0.9397494001599573
0.7,Nearest Neighbors,0.9554785390562517,0.9555220635203828,0.9563765913110783,0.9554785390562517
0.7,RBF SVM,0.9576113036523594,0.9575097267283869,0.9594497680805012,0.9576113036523594
0.7,Decision Tree,0.9082911223673688,0.9098601941794376,0.9163026449343271,0.9082911223673688
0.7,Random Forest,0.9116902159424154,0.9086724144242366,0.9132805860729315,0.9116902159424154
0.7,Naive Bayes,0.6900826446280992,0.6349487230256317,0.7907407573358751,0.6900826446280992
0.7,Neural Net,0.9022260730471874,0.8981788080590848,0.9052220101556812,0.9022260730471874
0.7,Nearest Neighbors,0.9593441748866969,0.9593336456025017,0.9600527240724948,0.9593441748866969
0.7,RBF SVM,0.9569448147160757,0.9569184603510001,0.9588950130998636,0.9569448147160757
0.7,Decision Tree,0.9246867501999467,0.9254286256849524,0.9297252986106753,0.9246867501999467
0.7,Random Forest,0.9120234604105572,0.9094662525586142,0.9141256371989073,0.9120234604105572
0.7,Naive Bayes,0.7953878965609171,0.7843906851400796,0.8215224271650465,0.7953878965609171
0.7,Neural Net,0.9408157824580112,0.9409072517121445,0.943471337784612,0.9408157824580112
0.7,Nearest Neighbors,0.9572114102905892,0.957300357322355,0.9579170386635399,0.9572114102905892
0.7,RBF SVM,0.9545454545454546,0.9544978813389597,0.9558082960885129,0.9545454545454546
0.7,Decision Tree,0.9228872300719808,0.9236565816992167,0.9280265487565555,0.9228872300719808
0.7,Random Forest,0.9273527059450813,0.9249853703593118,0.9324671839405787,0.9273527059450813
0.7,Naive Bayes,0.7945881098373767,0.7834552310959745,0.820051461972745,0.7945881098373767
0.7,Neural Net,0.9094241535590509,0.9045554128872557,0.9160373409982351,0.9094241535590509
0.7,Nearest Neighbors,0.9580111970141295,0.9580349301859187,0.9591267010727881,0.9580111970141295
0.7,RBF SVM,0.9570781125033324,0.9569990100882575,0.9601006731425491,0.9570781125033324
0.7,Decision Tree,0.9071580911756865,0.9071246515765697,0.9108486884327286,0.9071580911756865
0.7,Random Forest,0.9196880831778192,0.9186247820023292,0.922146080470965,0.9196880831778192
0.7,Naive Bayes,0.6806185017328712,0.6151522379234339,0.7976433525756097,0.6806185017328712
0.7,Neural Net,0.9392828579045588,0.9395100427015762,0.9415929455628894,0.9392828579045588
0.7,Nearest Neighbors,0.9583444414822714,0.9583202113120765,0.9595288004706142,0.9583444414822714
0.7,RBF SVM,0.9569448147160757,0.9568507562839728,0.9588070231447997,0.9569448147160757
0.7,Decision Tree,0.9112903225806451,0.910898568757022,0.9140679724000351,0.9112903225806451
0.7,Random Forest,0.9144228205811783,0.9109603918155169,0.9176370010070831,0.9144228205811783
0.7,Naive Bayes,0.7963876299653426,0.7846894402628994,0.8211465921644067,0.7963876299653426
0.7,Neural Net,0.9250199946680885,0.9251586452844777,0.9293068905560343,0.9250199946680885
0.7,Nearest Neighbors,0.9532124766728872,0.9533021081503793,0.9538735711985681,0.9532124766728872
0.7,RBF SVM,0.9554785390562517,0.9554970299242048,0.9568994647037157,0.9554785390562517
0.7,Decision Tree,0.9210877099440149,0.9219213221820586,0.9265268670659152,0.9210877099440149
0.7,Random Forest,0.9316182351372967,0.9302206784938599,0.9334983463588944,0.9316182351372967
0.7,Naive Bayes,0.7947880565182618,0.7835684737814216,0.8205935464285966,0.7947880565182618
0.7,Neural Net,0.8978938949613436,0.889512555379311,0.9073442072262474,0.8978938949613436
0.7,Nearest Neighbors,0.9589442815249267,0.9590757568428778,0.9593821028296293,0.9589442815249267
0.7,RBF SVM,0.9592108770994402,0.9592361235322883,0.9605598425493181,0.9592108770994402
0.7,Decision Tree,0.9128232471340976,0.912669276303602,0.9161648461851561,0.9128232471340976
0.7,Random Forest,0.9182218075179952,0.9154530577919925,0.9211537082915523,0.9182218075179952
0.7,Naive Bayes,0.7998533724340176,0.7891520672156299,0.8241951525370531,0.7998533724340176
0.7,Neural Net,0.9204878699013597,0.917929173180858,0.9205539043816323,0.9204878699013597
0.7,Nearest Neighbors,0.9561450279925353,0.9562424778118415,0.9567641987468164,0.9561450279925353
0.7,RBF SVM,0.957544654758731,0.9574476993267177,0.9596628878790723,0.957544654758731
0.7,Decision Tree,0.9107571314316182,0.9121628993582184,0.9181137821232013,0.9107571314316182
0.7,Random Forest,0.9337509997334045,0.9325383844073395,0.9365099268343416,0.9337509997334045
0.7,Naive Bayes,0.67821914156225,0.6087066553297105,0.7821555091055717,0.67821914156225
0.7,Neural Net,0.9015595841109038,0.8935138177811532,0.9117755404572719,0.9015595841109038
0.7,Nearest Neighbors,0.9577446014396161,0.9578701950295977,0.9582176922453215,0.9577446014396161
0.7,RBF SVM,0.9584777392695282,0.9584545587009182,0.9601498325485711,0.9584777392695282
0.7,Decision Tree,0.9104905358571048,0.9102523551291202,0.9137178115499528,0.9104905358571048
0.7,Random Forest,0.9216209010930418,0.9187492973400149,0.9263993964142837,0.9216209010930418
0.7,Naive Bayes,0.7963876299653426,0.7851669517193862,0.8228263626615975,0.7963876299653426
0.7,Neural Net,0.8971607571314316,0.8895998134518024,0.9025360046994694,0.8971607571314316
0.7999999999999999,Nearest Neighbors,0.9560298577093539,0.9561670196518395,0.9570045179142305,0.9560298577093539
0.7999999999999999,RBF SVM,0.953347329134593,0.953191274571927,0.9550343155097212,0.953347329134593
0.7999999999999999,Decision Tree,0.9244226731980406,0.9251198775936633,0.9294650316470424,0.9244226731980406
0.7999999999999999,Random Forest,0.9281548868672731,0.9269337336637673,0.9298486981510365,0.9281548868672731
0.7999999999999999,Naive Bayes,0.7484837881968742,0.7267389302139075,0.8145906901238734,0.7484837881968742
0.7999999999999999,Neural Net,0.9128178213202706,0.9084195609185526,0.9204232752599387,0.9128178213202706
0.7999999999999999,Nearest Neighbors,0.9570795428038256,0.9571619203820361,0.957592075975591,0.9570795428038256
0.7999999999999999,RBF SVM,0.9522976440401213,0.9521902182174883,0.9535677339169966,0.9522976440401213
0.7999999999999999,Decision Tree,0.9225565663634243,0.9233773957482075,0.9280601505114594,0.9225565663634243
0.7999999999999999,Random Forest,0.9364357359458829,0.9363277603335283,0.9382102251580268,0.9364357359458829
0.7999999999999999,Naive Bayes,0.7930954047119197,0.7817924492894733,0.8188119067965863,0.7930954047119197
0.7999999999999999,Neural Net,0.9117098203872172,0.9072422822594006,0.9214271609066121,0.9117098203872172
0.7999999999999999,Nearest Neighbors,0.9577210170282249,0.9577679810677338,0.9584035630861351,0.9577210170282249
0.7999999999999999,RBF SVM,0.9525309073944483,0.9523056317347339,0.9543081932935489,0.9525309073944483
0.7999999999999999,Decision Tree,0.9225565663634243,0.9232722782554749,0.9279698037641257,0.9225565663634243
0.7999999999999999,Random Forest,0.9351527874970842,0.9341347740285678,0.9370243368787454,0.9351527874970842
0.7999999999999999,Naive Bayes,0.7980522509913692,0.7871571157532634,0.8232176283281493,0.7980522509913692
0.7999999999999999,Neural Net,0.9146839281548869,0.9100986446392133,0.9236281753328967,0.9146839281548869
0.7999999999999999,Nearest Neighbors,0.9582458595754607,0.9582742397119239,0.9588337216476959,0.9582458595754607
0.7999999999999999,RBF SVM,0.9529974341031024,0.9528767901098273,0.9546939766958608,0.9529974341031024
0.7999999999999999,Decision Tree,0.9149755073477956,0.9122525162637752,0.915415682675568,0.9149755073477956
0.7999999999999999,Random Forest,0.9381852111033356,0.9371488913763336,0.9407716093619433,0.9381852111033356
0.7999999999999999,Naive Bayes,0.7956029857709354,0.7847991154433468,0.8219502936180807,0.7956029857709354
0.7999999999999999,Neural Net,0.9026708654070446,0.8985740591509422,0.9058316509830017,0.9026708654070446
0.7999999999999999,Nearest Neighbors,0.9556216468392815,0.9556511593436774,0.9570878671979043,0.9556216468392815
0.7999999999999999,RBF SVM,0.9553883834849545,0.9553402914128979,0.957757852697414,0.9553883834849545
0.7999999999999999,Decision Tree,0.9095521343596921,0.9110053377416296,0.9166959712395348,0.9095521343596921
0.7999999999999999,Random Forest,0.9281548868672731,0.9267864666265984,0.9301632355303275,0.9281548868672731
0.7999999999999999,Naive Bayes,0.7922789829717751,0.7807805338443354,0.8190003774045133,0.7922789829717751
0.7999999999999999,Neural Net,0.8960228598087241,0.8879150646004791,0.9028148051835333,0.8960228598087241
0.7999999999999999,Nearest Neighbors,0.9576627011896431,0.9576489020975552,0.9591137422530993,0.9576627011896431
0.7999999999999999,RBF SVM,0.9536389083275018,0.9534173154087182,0.9557689128179541,0.9536389083275018
0.7999999999999999,Decision Tree,0.9089689759738745,0.9087038793876002,0.9120296668941684,0.9089689759738745
0.7999999999999999,Random Forest,0.9393515278749709,0.9394376025430903,0.9418818423241454,0.9393515278749709
0.7999999999999999,Naive Bayes,0.794728248192209,0.7833241947986574,0.820723394125831,0.794728248192209
0.7999999999999999,Neural Net,0.8889083275017495,0.8768282066095394,0.8988156415531707,0.8889083275017495
0.7999999999999999,Nearest Neighbors,0.9564380685794261,0.956519838299317,0.9575292943262548,0.9564380685794261
0.7999999999999999,RBF SVM,0.9524142757172848,0.952343801166921,0.954104822852472,0.9524142757172848
0.7999999999999999,Decision Tree,0.9109517144856543,0.9106670213502586,0.9141302872170074,0.9109517144856543
0.7999999999999999,Random Forest,0.9094355026825286,0.9050099105691172,0.9139448004171641,0.9094355026825286
0.7999999999999999,Naive Bayes,0.794961511546536,0.7838923439403018,0.821779026197997,0.794961511546536
0.7999999999999999,Neural Net,0.9134009797060881,0.9084140866341776,0.9230246408276855,0.9134009797060881
0.7999999999999999,Nearest Neighbors,0.9566713319337532,0.9567181569701618,0.9575918256317569,0.9566713319337532
0.7999999999999999,RBF SVM,0.9534056449731747,0.9533526981914315,0.9543856201568081,0.9534056449731747
0.7999999999999999,Decision Tree,0.9096104501982738,0.9094225425085037,0.9131706097103912,0.9096104501982738
0.7999999999999999,Random Forest,0.9254723582925123,0.9234683080168811,0.928944749979359,0.9254723582925123
0.7999999999999999,Naive Bayes,0.7946699323536273,0.7834975070315717,0.8209276173178627,0.7946699323536273
0.7999999999999999,Neural Net,0.9139841380919057,0.9094655874483143,0.9219568331127694,0.9139841380919057
0.7999999999999999,Nearest Neighbors,0.957196174480989,0.9573044493769889,0.9577982159387234,0.957196174480989
0.7999999999999999,RBF SVM,0.9510730114299044,0.95098074297895,0.9522057840247818,0.9510730114299044
0.7999999999999999,Decision Tree,0.9241310940051318,0.9248670951907539,0.9292487520568796,0.9241310940051318
0.7999999999999999,Random Forest,0.9400513179379519,0.9399850573175825,0.9422119375986294,0.9400513179379519
0.7999999999999999,Naive Bayes,0.794728248192209,0.7836365026414827,0.8214117036196055,0.794728248192209
0.7999999999999999,Neural Net,0.9120597154187077,0.9068912365277348,0.9211099955344583,0.9120597154187077
0.7999999999999999,Nearest Neighbors,0.9559715418707722,0.9560609799135508,0.9564107015857605,0.9559715418707722
0.7999999999999999,RBF SVM,0.953347329134593,0.953185578893151,0.954986416743921,0.953347329134593
0.7999999999999999,Decision Tree,0.9052367623046419,0.9073212559417717,0.9150597076528454,0.9052367623046419
0.7999999999999999,Random Forest,0.9401096337765337,0.9395766705524323,0.9437918300613904,0.9401096337765337
0.7999999999999999,Naive Bayes,0.794961511546536,0.7834567787244349,0.8208376013336912,0.794961511546536
0.7999999999999999,Neural Net,0.9310123629577793,0.9311647124227611,0.9344182518408162,0.9310123629577793
0.8999999999999999,Nearest Neighbors,0.954849411642735,0.9549652929155183,0.9556371800410796,0.954849411642735
0.8999999999999999,RBF SVM,0.943859831009279,0.9437399108271644,0.9447630270644021,0.943859831009279
0.8999999999999999,Decision Tree,0.9072624539940906,0.9070145422730841,0.9109579790724119,0.9072624539940906
0.8999999999999999,Random Forest,0.9200663521849567,0.9183692753000333,0.9245779992376851,0.9200663521849567
0.8999999999999999,Naive Bayes,0.7942563889896843,0.7830424038438879,0.8204508326067306,0.7942563889896843
0.8999999999999999,Neural Net,0.8966357368721165,0.8886252931009896,0.9027379501905419,0.8966357368721165
0.8999999999999999,Nearest Neighbors,0.9553677880877093,0.9553318881964507,0.9562206949486611,0.9553677880877093
0.8999999999999999,RBF SVM,0.940283033538956,0.9398975708304595,0.9424666452073656,0.940283033538956
0.8999999999999999,Decision Tree,0.9209994297859105,0.9216100935286186,0.9254965080004418,0.9209994297859105
0.8999999999999999,Random Forest,0.9231247732103053,0.9212353647016689,0.9280459157592649,0.9231247732103053
0.8999999999999999,Naive Bayes,0.794930278368151,0.7838691843525316,0.8211074482599492,0.794930278368151
0.8999999999999999,Neural Net,0.9006790731429164,0.8935584892152023,0.9130968879288673,0.9006790731429164
0.8999999999999999,Nearest Neighbors,0.9518946659063812,0.9519663682245845,0.953666160737196,0.9518946659063812
0.8999999999999999,RBF SVM,0.9408014099839304,0.9402317506501525,0.9449220870208134,0.9408014099839304
0.8999999999999999,Decision Tree,0.9247835778342232,0.9236263539578832,0.9271696548736039,0.9247835778342232
0.8999999999999999,Random Forest,0.895858172204655,0.8879557151523744,0.9016426141644466,0.895858172204655
0.8999999999999999,Naive Bayes,0.7220983878492562,0.6891696552271462,0.8013197083544726,0.7220983878492562
0.8999999999999999,Neural Net,0.9086620703955213,0.9042883037146119,0.9157323337123011,0.9086620703955213
0.8999999999999999,Nearest Neighbors,0.9539163340417811,0.9540301974071137,0.9548114555735475,0.9539163340417811
0.8999999999999999,RBF SVM,0.9441190192317661,0.9438906931704953,0.9459606445175168,0.9441190192317661
0.8999999999999999,Decision Tree,0.9233839614327924,0.9241325475528616,0.9287042860328217,0.9233839614327924
0.8999999999999999,Random Forest,0.9133792960447877,0.9121000568955872,0.9162935757534527,0.9133792960447877
0.8999999999999999,Naive Bayes,0.792545746721269,0.7812299328852338,0.81881155187057,0.792545746721269
0.8999999999999999,Neural Net,0.9091286091959981,0.9044988835392862,0.9155126094536805,0.9091286091959981
0.8999999999999999,Nearest Neighbors,0.9534497952413042,0.9535525559810044,0.9545598932644851,0.9534497952413042
0.8999999999999999,RBF SVM,0.9435488051422943,0.9433091225405942,0.9457173809280067,0.9435488051422943
0.8999999999999999,Decision Tree,0.919859001606967,0.9204785704348357,0.9241337351059707,0.919859001606967
0.8999999999999999,Random Forest,0.9329220880203204,0.9321623395060805,0.9346985396736659,0.9329220880203204
0.8999999999999999,Naive Bayes,0.7950857913016433,0.7837669007623778,0.8205121777906578,0.7950857913016433
0.8999999999999999,Neural Net,0.8917629982893577,0.8852617976911519,0.8949065564195886,0.8917629982893577
0.8999999999999999,Nearest Neighbors,0.9557824892436888,0.9558265773948696,0.957177707552228,0.9557824892436888
0.8999999999999999,RBF SVM,0.9444300450987507,0.9443045984723145,0.9462741650476858,0.9444300450987507
0.8999999999999999,Decision Tree,0.9090767715515007,0.9087790130441552,0.9122828661927951,0.9090767715515007
0.8999999999999999,Random Forest,0.9445337203877456,0.9443659693395725,0.946942985221954,0.9445337203877456
0.8999999999999999,Naive Bayes,0.7947229277901612,0.7830272801284499,0.8207719263277363,0.7947229277901612
0.8999999999999999,Neural Net,0.8890674407754912,0.877716106290751,0.8968243278542056,0.8890674407754912
0.8999999999999999,Nearest Neighbors,0.9583225338240631,0.9583606466064304,0.9591359142460874,0.9583225338240631
0.8999999999999999,RBF SVM,0.9404903841169457,0.940240282511281,0.9427972673876067,0.9404903841169457
0.8999999999999999,Decision Tree,0.9215696438753823,0.9223683070145064,0.9273013625515522,0.9215696438753823
0.8999999999999999,Random Forest,0.9131201078223006,0.9109602770806483,0.9157172907610087,0.9131201078223006
0.8999999999999999,Naive Bayes,0.7939453631226997,0.7827062097789921,0.819827605758418,0.7939453631226997
0.8999999999999999,Neural Net,0.8993831320304805,0.895415686161357,0.9019845509799841,0.8993831320304805
0.8999999999999999,Nearest Neighbors,0.9521538541288684,0.952164560674972,0.9532099191108653,0.9521538541288684
0.8999999999999999,RBF SVM,0.9392462806490073,0.939004688336703,0.9409644156935719,0.9392462806490073
0.8999999999999999,Decision Tree,0.9185630604945312,0.9196035979769722,0.9246921579109384,0.9185630604945312
0.8999999999999999,Random Forest,0.9263387071691462,0.925376621240402,0.9314753714372467,0.9263387071691462
0.8999999999999999,Naive Bayes,0.794463739567674,0.7831511080376948,0.8205207998376051,0.794463739567674
0.8999999999999999,Neural Net,0.9250946037012078,0.924123025105721,0.9268778113265734,0.9250946037012078
0.8999999999999999,Nearest Neighbors,0.9576486444455964,0.95758960310417,0.9588892053412538,0.9576486444455964
0.8999999999999999,RBF SVM,0.9403348711834534,0.9400851417876602,0.9424112066620465,0.9403348711834534
0.8999999999999999,Decision Tree,0.9078326680835623,0.9077869871137358,0.9115758302542949,0.9078326680835623
0.8999999999999999,Random Forest,0.9295526411279872,0.9289399300954392,0.9314810662760123,0.9295526411279872
0.8999999999999999,Naive Bayes,0.7939972007671972,0.7824874569992091,0.8199600266066445,0.7939972007671972
0.8999999999999999,Neural Net,0.9348919185112229,0.9351561005927772,0.9368046517313008,0.9348919185112229
0.8999999999999999,Nearest Neighbors,0.9552641127987144,0.9553669088906936,0.9561783579930762,0.9552641127987144
0.8999999999999999,RBF SVM,0.9405422217614432,0.9402193985231985,0.9423787447566879,0.9405422217614432
0.8999999999999999,Decision Tree,0.9101135244414493,0.9098331422729935,0.9132193631113529,0.9101135244414493
0.8999999999999999,Random Forest,0.9141050230677518,0.9117801926776337,0.9138725918736971,0.9141050230677518
0.8999999999999999,Naive Bayes,0.7974184853040278,0.7865688227603708,0.8229926353110448,0.7974184853040278
0.8999999999999999,Neural Net,0.9328702503758229,0.9330007345241835,0.9359576504847751,0.9328702503758229
